DROP TABLE IF EXISTS HOTEL_CHAIN;
DROP TABLE IF EXISTS CENTRAL_OFFICE;
DROP TABLE IF EXISTS CUSTOMER;
DROP TABLE IF EXISTS HOTEL;
DROP TABLE IF EXISTS ROOM;
DROP TABLE IF EXISTS EMPLOYEE;
DROP TABLE IF EXISTS EMPLOYEE_POSITION;
DROP TABLE IF EXISTS ROOM_AMENITY;
DROP TABLE IF EXISTS RENTAL;
DROP TABLE IF EXISTS RENTAL_ARCHIVE;
DROP TABLE IF EXISTS BOOKING;
DROP TABLE IF EXISTS BOOKING_ARCHIVE;

CREATE TABLE IF NOT EXISTS HOTEL_CHAIN (
	chain_id CHAR(5),
    name VARCHAR(30) NOT NULL,
    num_hotels INTEGER,
    email VARCHAR(30),
    phone_number VARCHAR(20),
    PRIMARY KEY (chain_id)
);

CREATE TABLE IF NOT EXISTS CENTRAL_OFFICE ( -- Added
	chain_id CHAR(5),
    address VARCHAR(30),
    PRIMARY KEY (chain_id, address),
    FOREIGN KEY (chain_id) REFERENCES HOTEL_CHAIN (chain_id)
		ON DELETE CASCADE
		ON UPDATE CASCADE
);

CREATE TABLE IF NOT EXISTS CUSTOMER (
	customer_id CHAR(5),
    sxn CHAR(9),
    first_name VARCHAR(30) NOT NULL,
    last_name VARCHAR(30) NOT NULL,
    address VARCHAR(30),
    registration_date DATE NOT NULL,
    PRIMARY KEY (customer_id)
);

CREATE TABLE IF NOT EXISTS EMPLOYEE (
	employee_id CHAR(5),
    chain_id CHAR(5),
	sxn CHAR(9),
    first_name VARCHAR(30) NOT NULL,
    last_name VARCHAR(30) NOT NULL,
    address VARCHAR(30),
    PRIMARY KEY (employee_id),
    FOREIGN KEY (chain_id) REFERENCES HOTEL_CHAIN (chain_id)
		ON DELETE CASCADE
		ON UPDATE CASCADE
);

CREATE TABLE IF NOT EXISTS EMPLOYEE_POSITION ( -- Added
	employee_id CHAR(5),
    position VARCHAR(20),
    PRIMARY KEY (employee_id, position),
    FOREIGN KEY (employee_id) REFERENCES EMPLOYEE (employee_id)
);

CREATE TABLE IF NOT EXISTS HOTEL (
	chain_id CHAR(5),
	hotel_id CHAR(5),
    manager_id CHAR(5) NOT NULL,
    name VARCHAR(30) NOT NULL,
    rating ENUM('1-star', '2-star', '3-star', '4-star', '5-star'),
    num_rooms INTEGER,
    city VARCHAR(30) NOT NULL, -- Added
    address VARCHAR(30),
    email VARCHAR(30),
    phone_number VARCHAR(20) NOT NULL,
    PRIMARY KEY (chain_id, hotel_id),	-- Modified for chain_id
    FOREIGN KEY (chain_id) REFERENCES HOTEL_CHAIN (chain_id)
    	ON DELETE CASCADE
		ON UPDATE CASCADE,
    FOREIGN KEY (manager_id) REFERENCES EMPLOYEE (employee_id)
);

ALTER TABLE EMPLOYEE
ADD COLUMN hotel_id CHAR(5);
ALTER TABLE EMPLOYEE
ADD CONSTRAINT FOREIGN KEY (hotel_id) REFERENCES HOTEL (hotel_id)
	ON DELETE CASCADE
	ON UPDATE CASCADE;

CREATE TABLE IF NOT EXISTS ROOM (
    chain_id CHAR(5), -- Added
	hotel_id CHAR(5),
    room_num INTEGER,
    price DECIMAL(15,2) NOT NULL,
    capacity INTEGER NOT NULL CHECK (1<=capacity<=6), -- Modified
    view_type ENUM('sea view', 'mountain view') NOT NULL,
    can_extend BOOL NOT NULL,
    has_problems BOOL NOT NULL,
    PRIMARY KEY (chain_id, hotel_id, room_num), -- Modified
    FOREIGN KEY (hotel_id) REFERENCES HOTEL (hotel_id)
		ON DELETE CASCADE
		ON UPDATE CASCADE,
    FOREIGN KEY (chain_id) REFERENCES CHAIN (chain_id) -- Modified
        ON DELETE CASCADE
        ON UPDATE CASCADE
);

CREATE TABLE IF NOT EXISTS ROOM_AMENITY ( -- Added
    chain_id CHAR(5), -- Added
	hotel_id CHAR(5),
    room_num INTEGER,
    amenity VARCHAR(30),
    PRIMARY KEY (chain_id, hotel_id, room_num, amenity), -- Modified
    FOREIGN KEY (chain_id, hotel_id, room_num) REFERENCES ROOM (chain_id, hotel_id, room_num) -- Modified
);

CREATE TABLE IF NOT EXISTS RENTAL (
	rental_id CHAR(5),
    customer_id CHAR(5) NOT NULL,
    chain_name VARCHAR(30) NOT NULL, -- Added
    hotel_name VARCHAR(30) NOT NULL,
    room_num INTEGER NOT NULL,
    capacity INTEGER NOT NULL CHECK (1<=capacity<=6), -- Modified
    rental_rate DECIMAL(15,2) NOT NULL,
    additional_charges DECIMAL(15,2),
    check_in_date DATETIME NOT NULL,
    check_out_date DATETIME,
    check_in_e_id CHAR(5) NOT NULL,
    check_out_e_id CHAR(5),
    PRIMARY KEY (rental_id),
    FOREIGN KEY (customer_id) REFERENCES CUSTOMER (customer_id),
    FOREIGN KEY (check_in_e_id) REFERENCES EMPLOYEE (employee_id),
    FOREIGN KEY (check_out_e_id) REFERENCES EMPLOYEE (employee_id)
);

CREATE TABLE IF NOT EXISTS RENTAL_ARCHIVE (
	rental_id CHAR(5),
    customer_id CHAR(5) NOT NULL,
    chain_name VARCHAR(30) NOT NULL, -- Added
    hotel_name VARCHAR(30) NOT NULL,
    room_num INTEGER NOT NULL,
    capacity INTEGER NOT NULL CHECK (1<=capacity<=6), -- Modified
    rental_rate DECIMAL(15,2) NOT NULL,
    additional_charges DECIMAL(15,2) NOT NULL,
    check_in_date DATETIME NOT NULL,
    check_out_date DATETIME NOT NULL,
    check_in_e_id CHAR(5) NOT NULL,
    check_out_e_id CHAR(5) NOT NULL,
    PRIMARY KEY (rental_id),
    FOREIGN KEY (customer_id) REFERENCES CUSTOMER (customer_id),
    FOREIGN KEY (check_in_e_id) REFERENCES EMPLOYEE (employee_id),
    FOREIGN KEY (check_out_e_id) REFERENCES EMPLOYEE (employee_id)
);

CREATE TABLE IF NOT EXISTS BOOKING (
	booking_id CHAR(5),
    customer_id CHAR(5) NOT NULL,
    chain_name VARCHAR(30) NOT NULL, -- Added
    hotel_name VARCHAR(30) NOT NULL,
    room_num INTEGER NOT NULL,
    capacity INTEGER NOT NULL CHECK (1<=capacity<=6), -- Modified
    place_date DATETIME NOT NULL,
    exp_check_in_date DATETIME NOT NULL,
    exp_check_out_date DATETIME NOT NULL,
    PRIMARY KEY (booking_id),
    FOREIGN KEY (customer_id) REFERENCES CUSTOMER (customer_id)
);

CREATE TABLE IF NOT EXISTS BOOKING_ARCHIVE (
	booking_id CHAR(5),
    customer_id CHAR(5) NOT NULL,
    chain_name VARCHAR(30) NOT NULL, -- Added
    hotel_name VARCHAR(30) NOT NULL,
    room_num INTEGER NOT NULL,
    capacity INTEGER NOT NULL CHECK (1<=capacity<=6), -- Modified
    place_date DATETIME NOT NULL,
    exp_check_in_date DATETIME NOT NULL,
    exp_check_out_date DATETIME NOT NULL,
    PRIMARY KEY (booking_id),
    FOREIGN KEY (customer_id) REFERENCES CUSTOMER (customer_id)
);

INSERT INTO HOTEL_CHAIN (chain_id, name, num_hotels, email, phone_number)
VALUES
('0000A', 'Hilton', 8, 'support@hilton.com', '(364) 744-9920'),
('0000B', 'Hyatt', 8, 'support@hyatt.com', '(654) 440-5155'),
('0000C', 'Marriott', 8, 'support@marriott.com', '(839) 385-3736'),
('0000D', 'IHG', 8, 'support@ihg.com', '(211) 732-6435'),
('0000E', 'Wyndham', 8, 'support@wyndham.com', '(848) 818-8802');

INSERT INTO CENTRAL_OFFICE (chain_id, address)
VALUES
('0000A', '1957 Mulberry Street'),
('0000A', '4158 Philli Lane'),
('0000B', '1715 Hinkle Deegan Lake Road'),
('0000B', '2869 Round Table Drive'),
('0000C', '2296 Murry Street'),
('0000C', '1844 Dovetail Estates'),
('0000D', '2017 Scott Street'),
('0000D', '1737 Confederate Drive'),
('0000E', '4249 Tea Berry Lane'),
('0000E', '4709 Spring Avenue');

INSERT INTO EMPLOYEE (employee_id, chain_id, sxn, first_name, last_name)
VALUES
('A0011', '0000A', '479429054', 'Philip', 'Prince'),
('A0012', '0000A', '582321848', 'Carrie', 'Parker'),
('A0013', '0000A', '774770919', 'Julio', 'Bush'),
('A0021', '0000A', '674462475', 'Wade', 'Barron'),
('A0022', '0000A', '725696111', 'Randi', 'Torres'),
('A0023', '0000A', '169421599', 'Scott', 'Decker'),
('A0031', '0000A', '902471674', 'Alexis', 'Mack'),
('A0032', '0000A', '815150416', 'Myron', 'Crawford'),
('A0033', '0000A', '617386070', 'Grover', 'Ponce'),
('A0041', '0000A', '379534394', 'Shelby', 'Shields'),
('A0042', '0000A', '065036758', 'Fred', 'Jacobs'),
('A0043', '0000A', '749778460', 'Mitch', 'Ayala'),
('A0051', '0000A', '149621101', 'Emery', 'Pearson'),
('A0052', '0000A', '875637696', 'Simone', 'Ritter'),
('A0053', '0000A', '235693078', 'Rodger', 'Huerta'),
('A0061', '0000A', '699315056', 'Brendan', 'Sutton'),
('A0062', '0000A', '384668117', 'Lorenzo', 'Nelson'),
('A0063', '0000A', '902793232', 'Loraine', 'Sampson'),
('A0071', '0000A', '392783847', 'Rupert', 'Carroll'),
('A0072', '0000A', '659970521', 'Lynne', 'Reed'),
('A0073', '0000A', '706686398', 'Ray', 'Neal'),
('A0081', '0000A', '199375197', 'Loren', 'Sharp'),
('A0082', '0000A', '863520684', 'Irwin', 'Clay'),
('A0083', '0000A', '194848630', 'Elroy', 'Morris'),

('B0011', '0000B', '336906312', 'Sammy', 'Espinoza'),
('B0012', '0000B', '669576133', 'Weston', 'Sanders')
('B0013', '0000B', '012889109', 'Merrill', 'Chavez'),
('B0021', '0000B', '769029570', 'Tyree', 'Mays'),
('B0022', '0000B', '793264671', 'Joe', 'Castaneda'),
('B0023', '0000B', '250408229', 'Asa', 'Thornton'),
('B0031', '0000B', '400543538', 'Krystal', 'Ali'),
('B0032', '0000B', '030801064', 'Courtney', 'Mosley'),
('B0033', '0000B', '936745420', 'Marcie', 'Greene'),
('B0041', '0000B', '074641067', 'Roman', 'Gentry'),
('B0042', '0000B', '132787516', 'Adriana', 'Jefferson'),
('B0043', '0000B', '082453927', 'Walton', 'Bradford'),
('B0051', '0000B', '011887518', 'Naomi', 'Maxwell'),
('B0052', '0000B', '769290236', 'Harold', 'Ellison'),
('B0053', '0000B', '020787061', 'Tessa', 'Phillips'),
('B0061', '0000B', '066493934', 'Sylvia', 'Hooper'),
('B0062', '0000B', '101094449', 'Amos', 'Lane'),
('B0063', '0000B', '490457708', 'Jesus', 'Avery'),
('B0071', '0000B', '715956156', 'Judith', 'Leonard'),
('B0072', '0000B', '014392377', 'Etta', 'Carter'),
('B0073', '0000B', '607939014', 'Oscar', 'Guerra'),
('B0081', '0000B', '546353364', 'Mabel', 'Salazar'),
('B0082', '0000B', '225492882', 'Leo', 'Mcgee'),
('B0083', '0000B', '562416783', 'Kelly', 'Buchanan'),

('C0011', '0000C', '166778493', 'Darius', 'Dickerson'),
('C0012', '0000C', '527955918', 'Maricela', 'Villarreal'),
('C0013', '0000C', '512345389', 'Dario', 'Cooper'),
('C0021', '0000C', '305642101', 'Duncan', 'Mclaughlin'),
('C0022', '0000C', '321501398', 'Elsie', 'Cross'),
('C0023', '0000C', '457636987', 'Wilda', 'Barker'),
('C0031', '0000C', '112426733', 'Wilbert', 'Tapia'),
('C0032', '0000C', '995622754', 'Marsha', 'Schmitt'),
('C0033', '0000C', '869744903', 'Jacklyn', 'Sloan'),
('C0041', '0000C', '552894605', 'Ellen', 'Whitney'),
('C0042', '0000C', '608765417', 'Al', 'Weaver'),
('C0043', '0000C', '616414308', 'Debbie', 'Salazar'),
('C0051', '0000C', '094221257', 'Sheena', 'Burns'),
('C0052', '0000C', '451007389', 'Colette', 'Mccarty'),
('C0053', '0000C', '700026563', 'Lakisha', 'Wilkerson'),
('C0061', '0000C', '877874181', 'Laura', 'Mejia'),
('C0062', '0000C', '900812957', 'Gene', 'Haas'),
('C0063', '0000C', '322436140', 'Sanford', 'Sexton'),
('C0071', '0000C', '917520714', 'Zachery', 'Bond'),
('C0072', '0000C', '649028751', 'Cathleen', 'Heath'),
('C0073', '0000C', '224930891', 'Alberta', 'Patterson'),
('C0081', '0000C', '658285028', 'Mohammed', 'Mccarty'),
('C0082', '0000C', '858583228', 'Lena', 'Cummings'),
('C0083', '0000C', '488269073', 'Manuel', 'Stark'),

('D0011', '0000D', '951699547', 'Esther', 'Gibson'),
('D0012', '0000D', '411957491', 'Mabel', 'Burgess'),
('D0013', '0000D', '523813333', 'Carlton', 'Bullock'),
('D0021', '0000D', '171175592', 'Janelle', 'Quinn'),
('D0022', '0000D', '628369156', 'Rupert', 'George'),
('D0023', '0000D', '978193820', 'Salvatore', 'Yang'),
('D0031', '0000D', '049110350', 'Adolfo', 'Montgomery'),
('D0032', '0000D', '595804419', 'Maritza', 'Underwood'),
('D0033', '0000D', '619931744', 'Carla', 'Travis'),
('D0041', '0000D', '565322077', 'Lonny', 'Deleon'),
('D0042', '0000D', '389369474', 'Jessie', 'Marquez'),
('D0043', '0000D', '225938036', 'Jewell', 'Monroe'),
('D0051', '0000D', '667560276', 'Andreas', 'Hogan'),
('D0052', '0000D', '281491464', 'Cleveland', 'Huynh'),
('D0053', '0000D', '995554411', 'Christian', 'Wiggins'),
('D0061', '0000D', '251379703', 'Gail', 'Gail'),
('D0062', '0000D', '358279012', 'Kim', 'Fernandez'),
('D0063', '0000D', '490270976', 'Carmella', 'Ellis'),
('D0071', '0000D', '715160800', 'Blanche', 'Lee'),
('D0072', '0000D', '388114991', 'Will', 'Whitehead'),
('D0073', '0000D', '272168321', 'Sandy', 'Mathews'),
('D0081', '0000D', '774460068', 'Stephanie', 'Hendrix'),
('D0082', '0000D', '183837745', 'Felton', 'Salas'),
('D0083', '0000D', '975911194', 'Brock', 'Mcclain'),

('E0011', '0000E', '435231065', 'Wilton', 'Ramsey'),
('E0012', '0000E', '621186925', 'Bennett', 'Booth'),
('E0013', '0000E', '100677677', 'Ester', 'Allison'),
('E0021', '0000E', '611653969', 'Tamra', 'Nguyen'),
('E0022', '0000E', '891393213', 'Lesley', 'Mclaughlin'),
('E0023', '0000E', '272582394', 'Barney', 'Glover'),
('E0031', '0000E', '535725140', 'Hai', 'Mathews'),
('E0032', '0000E', '565129529', 'Stuart', 'Wyatt'),
('E0033', '0000E', '377075033', 'Helena', 'Adams'),
('E0041', '0000E', '715768576', 'Darrin', 'Briggs'),
('E0042', '0000E', '177292303', 'Carly', 'Salinas'),
('E0043', '0000E', '524916451', 'Herminia', 'Malone'),
('E0051', '0000E', '426387062', 'Patrice', 'Mercer'),
('E0052', '0000E', '120564656', 'Louis', 'Conway'),
('E0053', '0000E', '698638401', 'Jarod', 'Watson');
('E0061', '0000E', '076844624', 'Chrystal', 'Ballard'),
('E0062', '0000E', '486076589', 'Sergio', 'Vega'),
('E0063', '0000E', '186815281', 'Gilberto', 'Moody'),
('E0071', '0000E', '626534505', 'Aaron', 'Zimmerman'),
('E0072', '0000E', '555970597', 'Trenton', 'Harper'),
('E0073', '0000E', '638036690', 'Aldo', 'Mann'),
('E0081', '0000E', '569604377', 'Hassan', 'Lucas'),
('E0082', '0000E', '060784523', 'Bernard', 'Cain'),
('E0083', '0000E', '578821525', 'Merle', 'Torres');

INSERT INTO EMPLOYEE_POSITION (employee_id, position)
VALUES
('A0011', 'Manager'),
('A0021', 'Manager'),
('A0031', 'Manager'),
('A0041', 'Manager'),
('A0051', 'Manager'),
('A0061', 'Manager'),
('A0071', 'Manager'),
('A0081', 'Manager'),
('A0012', 'Front Desk Clerk'),
('A0022', 'Front Desk Clerk'),
('A0032', 'Front Desk Clerk'),
('A0042', 'Front Desk Clerk'),
('A0052', 'Front Desk Clerk'),
('A0062', 'Front Desk Clerk'),
('A0072', 'Front Desk Clerk'),
('A0082', 'Front Desk Clerk'),
('A0013', 'Housekeeping'),
('A0023', 'Housekeeping'),
('A0033', 'Housekeeping'),
('A0043', 'Housekeeping'),
('A0053', 'Housekeeping'),
('A0063', 'Housekeeping'),
('A0073', 'Housekeeping'),
('A0083', 'Housekeeping'),

('B0011', 'Manager'),
('B0021', 'Manager'),
('B0031', 'Manager'),
('B0041', 'Manager'),
('B0051', 'Manager'),
('B0061', 'Manager'),
('B0071', 'Manager'),
('B0081', 'Manager'),
('B0012', 'Front Desk Clerk'),
('B0022', 'Front Desk Clerk'),
('B0032', 'Front Desk Clerk'),
('B0042', 'Front Desk Clerk'),
('B0052', 'Front Desk Clerk'),
('B0062', 'Front Desk Clerk'),
('B0072', 'Front Desk Clerk'),
('B0082', 'Front Desk Clerk'),
('B0013', 'Housekeeping'),
('B0023', 'Housekeeping'),
('B0033', 'Housekeeping'),
('B0043', 'Housekeeping'),
('B0053', 'Housekeeping'),
('B0073', 'Housekeeping'),
('B0063', 'Housekeeping'),
('B0083', 'Housekeeping'),

('C0011', 'Manager'),
('C0021', 'Manager'),
('C0031', 'Manager'),
('C0041', 'Manager'),
('C0051', 'Manager'),
('C0061', 'Manager'),
('C0071', 'Manager'),
('C0081', 'Manager'),
('C0012', 'Front Desk Clerk'),
('C0022', 'Front Desk Clerk'),
('C0032', 'Front Desk Clerk'),
('C0042', 'Front Desk Clerk'),
('C0052', 'Front Desk Clerk'),
('C0062', 'Front Desk Clerk'),
('C0072', 'Front Desk Clerk'),
('C0082', 'Front Desk Clerk'),
('C0013', 'Housekeeping'),
('C0023', 'Housekeeping'),
('C0033', 'Housekeeping'),
('C0043', 'Housekeeping'),
('C0053', 'Housekeeping'),
('C0063', 'Housekeeping'),
('C0073', 'Housekeeping'),
('C0083', 'Housekeeping'),

('D0011', 'Manager'),
('D0021', 'Manager'),
('D0031', 'Manager'),
('D0041', 'Manager'),
('D0051', 'Manager'),
('D0061', 'Manager'),
('D0071', 'Manager'),
('D0081', 'Manager'),
('D0012', 'Front Desk Clerk'),
('D0022', 'Front Desk Clerk'),
('D0032', 'Front Desk Clerk'),
('D0042', 'Front Desk Clerk'),
('D0052', 'Front Desk Clerk'),
('D0062', 'Front Desk Clerk'),
('D0072', 'Front Desk Clerk'),
('D0082', 'Front Desk Clerk'),
('D0013', 'Housekeeping'),
('D0023', 'Housekeeping'),
('D0033', 'Housekeeping'),
('D0043', 'Housekeeping'),
('D0053', 'Housekeeping'),
('D0063', 'Housekeeping'),
('D0073', 'Housekeeping'),
('D0083', 'Housekeeping'),

('E0011', 'Manager'),
('E0021', 'Manager'),
('E0031', 'Manager'),
('E0041', 'Manager'),
('E0051', 'Manager'),
('E0061', 'Manager'),
('E0071', 'Manager'),
('E0081', 'Manager'),
('E0012', 'Front Desk Clerk'),
('E0022', 'Front Desk Clerk'),
('E0032', 'Front Desk Clerk'),
('E0042', 'Front Desk Clerk'),
('E0052', 'Front Desk Clerk'),
('E0062', 'Front Desk Clerk'),
('E0072', 'Front Desk Clerk'),
('E0082', 'Front Desk Clerk'),
('E0013', 'Housekeeping'),
('E0023', 'Housekeeping'),
('E0033', 'Housekeeping'),
('E0043', 'Housekeeping'),
('E0053', 'Housekeeping'),
('E0063', 'Housekeeping'),
('E0073', 'Housekeeping'),
('E0083', 'Housekeeping');

INSERT INTO HOTEL (chain_id, hotel_id, manager_id, name, rating, num_rooms, city, address, email, phone_number)
VALUES
('0000A', '00001', 'A0011', 'Canopy', '3-star', 5, 'Lima', '1006 Upland Avenue', 'support@canopy.com', '419-233-9601'),
('0000A', '00002', 'A0021', 'Conrad Hotel & Resort', '4-star', 5, 'Louisville', '922 Earnhardt Drive', 'support@conrad.com', '502-634-2737'),
('0000A', '00003', 'A0031', 'Curio Collection', '3-star', 5, 'Milwaukee', '4824 Johnny Lane', 'support@curio.com', '414-332-6767'),
('0000A', '00004', 'A0041', 'DoubleTree', '3-star', 5, 'San Francisco', '4733 Thompson Drive', 'support@doubletree.com', '747-232-0482'),
('0000A', '00005', 'A0051', 'Hampton', '3-star', 5, 'Waterproof', '1241 Emerson Road', 'support@hampton.com', '318-749-7831'),
('0000A', '00006', 'A0061', 'LXR Hotel & Resort', '4-star', 5, 'Louisville', '3431 Cerullo Road', 'support@lxr.com', '502-452-7369'),
('0000A', '00007', 'A0071', 'Tru', '3-star', 5, 'Tallahassee', '4264 Virgil Street', 'support@tru.com', '850-228-6208'),
('0000A', '00008', 'A0081', 'Embassy Suite', '5-star', 5, 'New Orleans', '3209 Big Indian', 'support@embassysuites.com', '504-568-9770'),

('0000B', '00001', 'B0011', 'Hyatt Place', '3-star', 5, 'Fort Lauderdale', '4653 Foley Street', 'support@hyattplace.com', '304-694-1467'),
('0000B', '00002', 'B0021', 'Spirit Ridge', '3-star', 5, 'Denver', '3718 Stark Hollow Road', 'support@spiritridge.com', '970-812-9599'),
('0000B', '00003', 'B0031', 'Andaz', '3-star', 5, 'South Boston', '3049 Hinkle Lake Road', 'support@andaz.com', '269-499-9079'),
('0000B', '00004', 'B0041', 'Park Hyatt', '3-star', 5, 'China Grove', '3812 Kelly Street', 'support@parkhyatt.com', '805-342-8021'),
('0000B', '00005', 'B0051', 'The Anndore House', '4-star', 5, 'Denver', '1857 Sampson Street', 'support@anndore.com', '477-546-9498'),
('0000B', '00006', 'B0061', 'Tempe Mission Palms', '4-star', 5, 'Defiance', '539 Hill Street', 'support@tempepalms.com', '771-279-2479'),
('0000B', '00007', 'B0071', 'The Eliza Jane', '4-star', 5, 'Earlville', '397 Emeral Dreams Drive', 'support@elizajane.com', '334-595-3424'),
('0000B', '00008', 'B0081', 'The Walper Hotel', '5-star', 5, 'Somerville', '3040 Gerald L. Bates Drive', 'support@walperhotel.com', '530-702-6218'),

('0000C', '00001', 'C0011', 'AC Hotel', '3-star', 5, 'Westland', '2941 Bombardier Way', 'support@canopy.com', '586-729-3821'),
('0000C', '00002', 'C0021', 'Autograph Collection', '3-star', 5, 'Ashtabula', '1572 Vineyard Drive', 'support@conrad.com', '440-536-1901'),
('0000C', '00003', 'C0031', 'City Express', '3-star', 5, 'Tampa', '1197 Collins Street', 'support@curio.com', '813-400-0048'),
('0000C', '00004', 'C0041', 'Delta Hotel', '3-star', 5, 'Atlanta', '1509 Stroop Hill Road', 'support@doubletree.com', '678-230-8898'),
('0000C', '00005', 'C0051', 'Courtyard', '4-star', 5, 'Dallas', '4981 Deercove Drive', 'support@hampton.com', '214-552-3542'),
('0000C', '00006', 'C0061', 'Moxy', '4-star', 5, 'Mira Loma', '4470 Carriage Court', 'support@lxr.com', '951-362-1487'),
('0000C', '00007', 'C0071', 'Tribute', '4-star', 5, 'Doral', '1534 Warner Street', 'support@tru.com', '305-994-6699'),
('0000C', '00008', 'C0081', 'EDITION', '5-star', 5, 'Tampa', '4696 Saints Alley', 'support@embassysuites.com', '813-694-0955'),

('0000D', '00001', 'D0011', 'Ritz-Carlton', '1-star', 5, 'Tempe', '2734 East Avenue', 'support@ritzcarlton.com', '480-355-8447'),
('0000D', '00002', 'D0021', 'Aman Resort', '1-star', 5, 'Brooklyn', '1499 Redbud Drive', 'support@amanresort.com', '347-890-8363'),
('0000D', '00003', 'D0031', 'Four Seasons', '2-star', 5, 'Dallas', '2430 Ersel Street', 'support@fourseasons.com', '214-408-6999'),
('0000D', '00004', 'D0041', 'Candlewood Suite', '2-star', 5, 'Naperville', '4517 Hickman Street', 'support@candlewoodsuite.com', '630-505-2028'),
('0000D', '00005', 'D0051', 'Vignette', '2-star', 5, 'Graceville', '2431 Virgil Street', 'support@vignette.com', '850-263-5314'),
('0000D', '00006', 'D0061', 'Kimpton', '2-star', 5, 'La Cygne', '4574 Charter Street', 'support@kimpton.com', '913-757-2423'),
('0000D', '00007', 'D0071', 'Hotel Indigo', '3-star', 5, 'Princeton', '4568 Sherman Street', 'support@hotelindigo.com', '785-937-3298'),
('0000D', '00008', 'D0081', 'InterContinetal', '5-star', 5, 'Brooklyn', '584 Pride Avenue', 'support@intercontinetal.com', '718-332-3923'),

('0000E', '00001', 'E0011', 'AmericInn', '3-star', 5, 'Marion', '1031 Payne Street', 'support@americinn.com', '276-243-8678'),
('0000E', '00002', 'E0021', 'Baymont', '4-star', 5, 'Wrangle Hill', '3710 Columbia Road', 'support@baymont.com', '302-838-4839'),
('0000E', '00003', 'E0031', 'Dazzler', '4-star', 5, 'Detroit', '2768 Tuna Street', 'support@dazzler.com', '810-813-9213'),
('0000E', '00004', 'E0041', 'Esplendor', '4-star', 5, 'New York', '1563 Redbud Drive', 'support@esplendor.com', '347-923-4460'),
('0000E', '00005', 'E0051', 'Howard Johnson', '4-star', 5, 'Kingsport', '2450 Corbin Branch Road', 'support@howardjohnson.com', '423-502-4598'),
('0000E', '00006', 'E0061', 'La Quinta', '5-star', 5, 'San Diego', '2575 Willison Street', 'support@laquinta.com', '619-242-8201'),
('0000E', '00007', 'E0071', 'Origin', '5-star', 5, 'Marion', '3888 Shady Pines Drive', 'support@origin.com', '276-780-1328'),
('0000E', '00008', 'E0081', 'TRYP', '5-star', 5, 'Mayhill', '1736 Cooks Mine Road', 'support@tryp.com', '505-203-6521');

UPDATE EMPLOYEE
SET hotel_id = '00001'
WHERE employee_id LIKE '_001_';

UPDATE EMPLOYEE
SET hotel_id = '00002'
WHERE employee_id LIKE '_002_';

UPDATE EMPLOYEE
SET hotel_id = '00003'
WHERE employee_id LIKE '_003_';

UPDATE EMPLOYEE
SET hotel_id = '00004'
WHERE employee_id LIKE '_004_';

UPDATE EMPLOYEE
SET hotel_id = '00005'
WHERE employee_id LIKE '_005_';

UPDATE EMPLOYEE
SET hotel_id = '00006'
WHERE employee_id LIKE '_006_';

UPDATE EMPLOYEE
SET hotel_id = '00007'
WHERE employee_id LIKE '_007_';

UPDATE EMPLOYEE
SET hotel_id = '00008'
WHERE employee_id LIKE '_008_';

INSERT INTO ROOM (chain_id, hotel_id, room_num, price, capacity, view_type, can_extend, has_problems)
VALUES
('0000A', '00001', 1, 100.00, 1, 'sea view', TRUE, FALSE),
('0000A', '00001', 2, 200.00, 2, 'mountain view', FALSE, FALSE),
('0000A', '00001', 3, 300.00, 3, 'sea view', TRUE, FALSE),
('0000A', '00001', 4, 400.00, 4, 'mountain view', FALSE, FALSE),
('0000A', '00001', 5, 500.00, 5, 'sea view', TRUE, FALSE),
('0000A', '00002', 1, 100.00, 1, 'mountain view', FALSE, FALSE),
('0000A', '00002', 2, 200.00, 2, 'sea view', TRUE, FALSE),
('0000A', '00002', 3, 300.00, 3, 'mountain view', FALSE, FALSE),
('0000A', '00002', 4, 400.00, 4, 'sea view', TRUE, FALSE),
('0000A', '00002', 5, 500.00, 5, 'mountain view', FALSE, TRUE),
('0000A', '00003', 1, 100.00, 1, 'sea view', TRUE, FALSE),
('0000A', '00003', 2, 200.00, 2, 'mountain view', FALSE, FALSE),
('0000A', '00003', 3, 300.00, 3, 'sea view', TRUE, FALSE),
('0000A', '00003', 4, 400.00, 4, 'mountain view', FALSE, FALSE),
('0000A', '00003', 5, 500.00, 5, 'sea view', TRUE, FALSE),
('0000A', '00004', 1, 100.00, 1, 'mountain view', FALSE, FALSE),
('0000A', '00004', 2, 200.00, 2, 'sea view', TRUE, FALSE),
('0000A', '00004', 3, 300.00, 3, 'mountain view', FALSE, FALSE),
('0000A', '00004', 4, 400.00, 4, 'sea view', TRUE, FALSE),
('0000A', '00004', 5, 500.00, 5, 'mountain view', FALSE, FALSE),
('0000A', '00005', 1, 100.00, 1, 'sea view', TRUE, FALSE),
('0000A', '00005', 2, 200.00, 2, 'mountain view', FALSE, FALSE),
('0000A', '00005', 3, 300.00, 3, 'sea view', TRUE, FALSE),
('0000A', '00005', 4, 400.00, 4, 'mountain view', FALSE, FALSE),
('0000A', '00005', 5, 500.00, 5, 'sea view', TRUE, FALSE),
('0000A', '00006', 1, 100.00, 1, 'mountain view', FALSE, TRUE),
('0000A', '00006', 2, 200.00, 2, 'sea view', TRUE, FALSE),
('0000A', '00006', 3, 300.00, 3, 'mountain view', FALSE, FALSE),
('0000A', '00006', 4, 400.00, 4, 'sea view', TRUE, FALSE),
('0000A', '00006', 5, 500.00, 5, 'mountain view', FALSE, FALSE)
('0000A', '00007', 1, 100.00, 1, 'sea view', TRUE, FALSE),
('0000A', '00007', 2, 200.00, 2, 'mountain view', FALSE, FALSE)
('0000A', '00007', 3, 300.00, 3, 'sea view', TRUE, FALSE),
('0000A', '00007', 4, 400.00, 4, 'mountain view', FALSE, FALSE) 
('0000A', '00007', 5, 500.00, 5, 'sea view', TRUE, FALSE),
('0000A', '00008', 1, 100.00, 1, 'mountain view', FALSE, FALSE)
('0000A', '00008', 2, 200.00, 2, 'sea view', TRUE, FALSE),
('0000A', '00008', 3, 300.00, 3, 'mountain view', FALSE, FALSE) 
('0000A', '00008', 4, 400.00, 4, 'sea view', TRUE, FALSE),
('0000A', '00008', 5, 500.00, 5, 'mountain view', FALSE, FALSE)

('0000B', '00001', 1, 100.00, 1, 'sea view', TRUE, FALSE),
('0000B', '00001', 2, 200.00, 2, 'mountain view', FALSE, FALSE),
('00,00B', '00001', 3, 300.00, 3, 'sea view', TRUE, FALSE),
('0000B', '00001', 4, 400.00, 4, 'mountain view', FALSE, FALSE),
('0000B', '00001', 5, 500.00, 5, 'sea view', TRUE, FALSE),
('0000B', '00002', 1, 100.00, 1, 'mountain view', FALSE, FALSE),
('0000B', '00002', 2, 200.00, 2, 'sea view', TRUE, FALSE),
('0000B', '00002', 3, 300.00, 3, 'mountain view', FALSE, FALSE),
('0000B', '00002', 4, 400.00, 4, 'sea view', TRUE, FALSE),
('0000B', '00002', 5, 500.00, 5, 'mountain view', FALSE, TRUE),
('0000B', '00003', 1, 100.00, 1, 'sea view', TRUE, FALSE),
('0000B', '00003', 2, 200.00, 2, 'mountain view', FALSE, FALSE),
,('0000B', '00003', 3, 300.00, 3, 'sea view', TRUE, FALSE),
('0000B', '00003', 4, 400.00, 4, 'mountain view', FALSE, FALSE),
('0000B', '00003', 5, 500.00, 5, 'sea view', TRUE, FALSE),
('0000B', '00004', 1, 100.00, 1, 'mountain view', FALSE, FALSE),
('0000B', '00004', 2, 200.00, 2, 'sea view', TRUE, FALSE),
('0000B', '00004', 3, 300.00, 3, 'mountain view', FALSE, FALSE),
('0000B', '00004', 4, 400.00, 4, 'sea view', TRUE, FALSE),
('0000B', '00004', 5, 500.00, 5, 'mountain view', FALSE, FALSE),
('0000B', '00005', 1, 100.00, 1, 'sea view', TRUE, FALSE),
('0000B', '00005', 2, 200.00, 2, 'mountain view', FALSE, FALSE),
('0000B', '00005', 3, 300.00, 3, 'sea view', TRUE, FALSE),
('0000B', '00005', 4, 400.00, 4, 'mountain view', FALSE, FALSE),
('0000B', '00005', 5, 500.00, 5, 'sea view', TRUE, FALSE),
('0000B', '00006', 1, 100.00, 1, 'mountain view', FALSE, FALSE),
('0000B', '00006', 2, 200.00, 2, 'sea view', TRUE, FALSE),
('0000B', '00006', 3, 300.00, 3, 'mountain view', FALSE, FALSE),
('0000B', '00006', 4, 400.00, 4, 'sea view', TRUE, FALSE), 
('0000B', '00006', 5, 500.00, 5, 'mountain view', FALSE, FALSE),
('0000B', '00007', 1, 100.00, 1, 'sea view', TRUE, FALSE),
('0000B', '00007', 2, 200.00, 2, 'mountain view', FALSE, FALSE),
('0000B', '00007', 3, 300.00, 3, 'sea view', TRUE, FALSE), 
('0000B', '00007', 4, 400.00, 4, 'mountain view', FALSE, FALSE), 
('0000B', '00007', 5, 500.00, 5, 'sea view', TRUE, FALSE),
('0000B', '00008', 1, 100.00, 1, 'mountain view', FALSE, FALSE),
('0000B', '00008', 2, 200.00, 2, 'sea view', TRUE, FALSE),
('0000B', '00008', 3, 300.00, 3, 'mountain view', FALSE, FALSE), 
(,'0000B', '00008', 4, 400.00, 4, 'sea view', TRUE, FALSE),
('0000B', '00008', 5, 500.00, 5, 'mountain view', FALSE, FALSE),

('0000C', '00001', 1, 100.00, 1, 'sea view', TRUE, FALSE),
('0000C', '00001', 2, 200.00, 2, 'mountain view', FALSE, FALSE),
('0000C', '00001', 3, 300.00, 3, 'sea view', TRUE, FALSE),
('0000C', '00001', 4, 400.00, 4, 'mountain view', FALSE, FALSE),
('0000C', '00001', 5, 500.00, 5, 'sea view', TRUE, FALSE),
('0000C', '00002', 1, 100.00, 1, 'mountain view', FALSE, TRUE),
('0000C', '00002', 2, 200.00, 2, 'sea view', TRUE, FALSE),
('0000C', '00002', 3, 300.00, 3, 'mountain view', FALSE, FALSE),
('0000C', '00002', 4, 400.00, 4, 'sea view', TRUE, FALSE),
('0000C', '00002', 5, 500.00, 5, 'mountain view', FALSE, TRUE),
('0000C', '00003', 1, 100.00, 1, 'sea view', TRUE, FALSE),
('0000C', '00003', 2, 200.00, 2, 'mountain view', FALSE, FALSE),
('0000C', '00003', 3, 300.00, 3, 'sea view', TRUE, FALSE),
('0000C', '00003', 4, 400.00, 4, 'mountain view', FALSE, FALSE),
('0000C', '00003', 5, 500.00, 5, 'sea view', TRUE, FALSE),
('0000C', '00004', 1, 100.00, 1, 'mountain view', FALSE, FALSE),
('0000C', '00004', 2, 200.00, 2, 'sea view', TRUE, FALSE),
('0000C', '00004', 3, 300.00, 3, 'mountain view', FALSE, FALSE),
('0000C', '00004', 4, 400.00, 4, 'sea view', TRUE, FALSE),
('0000C', '00004', 5, 500.00, 5, 'mountain view', FALSE, FALSE),
('0000C', '00005', 1, 100.00, 1, 'sea view', TRUE, FALSE),
('0000C', '00005', 2, 200.00, 2, 'mountain view', FALSE, FALSE),
('0000C', '00005', 3, 300.00, 3, 'sea view', TRUE, FALSE),
('0000C', '00005', 4, 400.00, 4, 'mountain view', FALSE, FALSE),
('0000C', '00005', 5, 500.00, 5, 'sea view', TRUE, FALSE),
('0000C', '00006', 1, 100.00, 1, 'mountain view', FALSE, FALSE),
('0000C', '00006', 2, 200.00, 2, 'sea view', TRUE, FALSE),
('0000C', '00006', 3, 300.00, 3, 'mountain view', FALSE, FALSE),
('0000C', '00006', 4, 400.00, 4, 'sea view', TRUE, FALSE),
('0000C', '00006', 5, 500.00, 5, 'mountain view', FALSE, FALSE),
('0000C', '00007', 1, 100.00, 1, 'sea view', TRUE, FALSE),
('0000C', '00007', 2, 200.00, 2, 'mountain view', FALSE, FALSE),
('0000C', '00007', 3, 300.00, 3, 'sea view', TRUE, FALSE),
('0000C', '00007', 4, 400.00, 4, 'mountain view', FALSE, FALSE),
('0000C', '00007', 5, 500.00, 5, 'sea view', TRUE, FALSE),
('0000C', '00008', 1, 100.00, 1, 'mountain view', FALSE, TRUE),
('0000C', '00008', 2, 200.00, 2, 'sea view', TRUE, FALSE),
('0000C', '00008', 3, 300.00, 3, 'mountain view', FALSE, FALSE), 
('0000C', '00008', 4, 400.00, 4, 'sea view', TRUE, FALSE),
('0000C', '00008', 5, 500.00, 5, 'mountain view', FALSE, FALSE),

('0000D', '00001', 1, 100.00, 1, 'sea view', TRUE, FALSE),
('0000D', '00001', 2, 200.00, 2, 'mountain view', FALSE, FALSE),
('0000D', '00001', 3, 300.00, 3, 'sea view', TRUE, FALSE),
('0000D', '00001', 4, 400.00, 4, 'mountain view', FALSE, FALSE),
('0000D', '00001', 5, 500.00, 5, 'sea view', TRUE, FALSE),
('0000D', '00002', 1, 100.00, 1, 'mountain view', FALSE, FALSE),
('0000D', '00002', 2, 200.00, 2, 'sea view', TRUE, FALSE),
('0000D', '00002', 3, 300.00, 3, 'mountain view', FALSE, FALSE),
('0000D', '00002', 4, 400.00, 4, 'sea view', TRUE, FALSE),
('0000D', '00002', 5, 500.00, 5, 'mountain view', FALSE, TRUE),
('0000D', '00003', 1, 100.00, 1, 'sea view', TRUE, FALSE),
('0000D', '00003', 2, 200.00, 2, 'mountain view', FALSE, TRUE),
('0000D', '00003', 3, 300.00, 3, 'sea view', TRUE, FALSE),
('0000D', '00003', 4, 400.00, 4, 'mountain view', FALSE, FALSE),
('0000D', '00003', 5, 500.00, 5, 'sea view', TRUE, FALSE),
('0000D', '00004', 1, 100.00, 1, 'mountain view', FALSE, FALSE),
('0000D', '00004', 2, 200.00, 2, 'sea view', TRUE, FALSE),
('0000D', '00004', 3, 300.00, 3, 'mountain view', FALSE, FALSE),
('0000D', '00004', 4, 400.00, 4, 'sea view', TRUE, FALSE),
('0000D', '00004', 5, 500.00, 5, 'mountain view', FALSE, FALSE),
('0000D', '00005', 1, 100.00, 1, 'sea view', TRUE, FALSE),
('0000D', '00005', 2, 200.00, 2, 'mountain view', FALSE, FALSE),
('0000D', '00005', 3, 300.00, 3, 'sea view', TRUE, FALSE),
('0000D', '00005', 4, 400.00, 4, 'mountain view', FALSE, FALSE),
('0000D', '00005', 5, 500.00, 5, 'sea view', TRUE, FALSE),
('0000D', '00006', 1, 100.00, 1, 'mountain view', FALSE, TRUE),
('0000D', '00006', 2, 200.00, 2, 'sea view', TRUE, FALSE),
('0000D', '00006', 3, 300.00, 3, 'mountain view', FALSE, FALSE),
('0000D', '00006', 4, 400.00, 4, 'sea view', TRUE, FALSE), 
('0000D', '00006', 5, 500.00, 5, 'mountain view', FALSE, FALSE),
('0000D', '00007', 1, 100.00, 1, 'sea view', TRUE, FALSE),
('0000D', '00007', 2, 200.00, 2, 'mountain view', FALSE, FALSE),
('0000D', '00007', 3, 300.00, 3, 'sea view', TRUE, FALSE), 
('0000D', '00007', 4, 400.00, 4, 'mountain view', FALSE, FALSE),
('0000D', '00007', 5, 500.00, 5, 'sea view', TRUE, FALSE),
('0000D', '00008', 1, 100.00, 1, 'mountain view', FALSE, FALSE),
('0000D', '00008', 2, 200.00, 2, 'sea view', TRUE, FALSE),
('0000D', '00008', 3, 300.00, 3, 'mountain view', FALSE, FALSE), 
('0000D', '00008', 4, 400.00, 4, 'sea view', TRUE, FALSE),
('0000D', '00008', 5, 500.00, 5, 'mountain view', FALSE, FALSE),

('0000E', '00001', 1, 100.00, 1, 'sea view', TRUE, FALSE),
('0000E', '00001', 2, 200.00, 2, 'mountain view', FALSE, FALSE),
('0000E', '00001', 3, 300.00, 3, 'sea view', TRUE, FALSE),
('0000E', '00001', 4, 400.00, 4, 'mountain view', FALSE, TRUE),
('0000E', '00001', 5, 500.00, 5, 'sea view', TRUE, FALSE),
('0000E', '00002', 1, 100.00, 1, 'mountain view', FALSE, FALSE),
('0000E', '00002', 2, 200.00, 2, 'sea view', TRUE, FALSE),
('0000E', '00002', 3, 300.00, 3, 'mountain view', FALSE, FALSE),
('0000E', '00002', 4, 400.00, 4, 'sea view', TRUE, FALSE),
('0000E', '00002', 5, 500.00, 5, 'mountain view', FALSE, TRUE),
('0000E', '00003', 1, 100.00, 1, 'sea view', TRUE, FALSE),
('0000E', '00003', 2, 200.00, 2, 'mountain view', FALSE, FALSE),
('0000E', '00003', 3, 300.00, 3, 'sea view', TRUE, FALSE),
('0000E', '00003', 4, 400.00, 4, 'mountain view', FALSE, FALSE),
('0000E', '00003', 5, 500.00, 5, 'sea view', TRUE, FALSE),
('0000E', '00004', 1, 100.00, 1, 'mountain view', FALSE, FALSE),
('0000E', '00004', 2, 200.00, 2, 'sea view', TRUE, FALSE),
('0000E', '00004', 3, 300.00, 3, 'mountain view', FALSE, FALSE),
('0000E', '00004', 4, 400.00, 4, 'sea view', TRUE, FALSE),
('0000E', '00004', 5, 500.00, 5, 'mountain view', FALSE, FALSE),
('0000E', '00005', 1, 100.00, 1, 'sea view', TRUE, FALSE),
('0000E', '00005', 2, 200.00, 2, 'mountain view', FALSE, FALSE),
('0000E', '00005', 3, 300.00, 3, 'sea view', TRUE, FALSE),
('0000E', '00005', 4, 400.00, 4, 'mountain view', FALSE, FALSE),
('0000E', '00005', 5, 500.00, 5, 'sea view', TRUE, FALSE),
('0000E', '00006', 1, 100.00, 1, 'mountain view', FALSE, FALSE),
('0000E', '00006', 2, 200.00, 2, 'sea view', TRUE, FALSE),
('0000E', '00006', 3, 300.00, 3, 'mountain view', FALSE, FALSE),
('0000E', '00006', 4, 400.00, 4, 'sea view', TRUE, FALSE),
('0000E', '00006', 5, 500.00, 5, 'mountain view', FALSE, FALSE),
('0000E', '00007', 1, 100.00, 1, 'sea view', TRUE, FALSE),
('0000E', '00007', 2, 200.00, 2, 'mountain view', FALSE, FALSE),
('0000E', '00007', 3, 300.00, 3, 'sea view', TRUE, FALSE),
('0000E', '00007', 4, 400.00, 4, 'mountain view', FALSE, FALSE), 
('0000E', '00007', 5, 500.00, 5, 'sea view', TRUE, FALSE),
('0000E', '00008', 1, 100.00, 1, 'mountain view', FALSE, FALSE),
('0000E', '00008', 2, 200.00, 2, 'sea view', TRUE, FALSE),
('0000E', '00008', 3, 300.00, 3, 'mountain view', FALSE, TRUE), 
('0000E', '00008', 4, 400.00, 4, 'sea view', TRUE, FALSE),
('0000E', '00008', 5, 500.00, 5, 'mountain view', FALSE, TRUE);

INSERT INTO ROOM_AMENITY (chain_id, hotel_id, room_num, amenity)
VALUES
('0000A', '00001', 1, 'TV'),
('0000A', '00001', 2, 'TV'),
('0000A', '00001', 3, 'TV'),
('0000A', '00001', 4, 'TV'),
('0000A', '00001', 5, 'TV'),
('0000A', '00002', 1, 'TV'),
('0000A', '00002', 2, 'TV'),
('0000A', '00002', 3, 'TV'),
('0000A', '00002', 4, 'TV'),
('0000A', '00002', 5, 'TV'),
('0000A', '00003', 1, 'Pool'),
('0000A', '00003', 2, 'Pool'),
('0000A', '00003', 3, 'Pool'),
('0000A', '00003', 4, 'Pool'),
('0000A', '00003', 5, 'Pool'),
('0000A', '00004', 1, 'Pool'),
('0000A', '00004', 2, 'Pool'),
('0000A', '00004', 3, 'Pool'),
('0000A', '00004', 4, 'Pool'),
('0000A', '00004', 5, 'Pool'),
('0000A', '00005', 1, 'TV'),
('0000A', '00005', 2, 'TV'),
('0000A', '00005', 3, 'TV'),
('0000A', '00005', 4, 'TV'),
('0000A', '00005', 5, 'TV'),
('0000A', '00006', 1, 'TV'),
('0000A', '00006', 2, 'TV'),
('0000A', '00006', 3, 'TV'),
('0000A', '00006', 4, 'TV'),
('0000A', '00006', 5, 'TV'),
('0000A', '00007', 1, 'Gym'),
('0000A', '00007', 2, 'Gym'),
('0000A', '00007', 3, 'Gym'),
('0000A', '00007', 4, 'Gym'),
('0000A', '00007', 5, 'Gym'),
('0000A', '00008', 1, 'Gym'),
('0000A', '00008', 2, 'Gym'),
('0000A', '00008', 3, 'Gym'),
('0000A', '00008', 4, 'Gym'),
('0000A', '00008', 5, 'Gym'),

('0000B', '00001', 1, 'TV'),
('0000B', '00001', 2, 'TV'),
('0000B', '00001', 3, 'TV'),
('0000B', '00001', 4, 'TV'),
('0000B', '00001', 5, 'TV'),
('0000B', '00002', 1, 'TV'),
('0000B', '00002', 2, 'TV'),
('0000B', '00002', 3, 'TV'),
('0000B', '00002', 4, 'TV'),
('0000B', '00002', 5, 'TV'),
('0000B', '00003', 1, 'Pool'),
('0000B', '00003', 2, 'Pool'),
('0000B', '00003', 3, 'Pool'),
('0000B', '00003', 4, 'Pool'),
('0000B', '00003', 5, 'Pool'),
('0000B', '00004', 1, 'Pool'),
('0000B', '00004', 2, 'Pool'),
('0000B', '00004', 3, 'Pool'),
('0000B', '00004', 4, 'Pool'),
('0000B', '00004', 5, 'Pool'),
('0000B', '00005', 1, 'TV'),
('0000B', '00005', 2, 'TV'),
('0000B', '00005', 3, 'TV'),
('0000B', '00005', 4, 'TV'),
('0000B', '00005', 5, 'TV'),
('0000B', '00006', 1, 'TV'),
('0000B', '00006', 2, 'TV'),
('0000B', '00006', 3, 'TV'),
('0000B', '00006', 4, 'TV'),
('0000B', '00006', 5, 'TV'),
('0000B', '00007', 1, 'Gym'),
('0000B', '00007', 2, 'Gym'),
('0000B', '00007', 3, 'Gym'),
('0000B', '00007', 4, 'Gym'),
('0000B', '00007', 5, 'Gym'),
('0000B', '00008', 1, 'Gym'),
('0000B', '00008', 2, 'Gym'),
('0000B', '00008', 3, 'Gym'),
('0000B', '00008', 4, 'Gym'),
('0000B', '00008', 5, 'Gym'),

('0000C', '00001', 1, 'TV'),
('0000C', '00001', 2, 'TV'),
('0000C', '00001', 3, 'TV'),
('0000C', '00001', 4, 'TV'),
('0000C', '00001', 5, 'TV'),
('0000C', '00002', 1, 'TV'),
('0000C', '00002', 2, 'TV'),
('0000C', '00002', 3, 'TV'),
('0000C', '00002', 4, 'TV'),
('0000C', '00002', 5, 'TV'),
('0000C', '00003', 1, 'Pool'),
('0000C', '00003', 2, 'Pool'),
('0000C', '00003', 3, 'Pool'),
('0000C', '00003', 4, 'Pool'),
('0000C', '00003', 5, 'Pool'),
('0000C', '00004', 1, 'Pool'),
('0000C', '00004', 2, 'Pool'),
('0000C', '00004', 3, 'Pool'),
('0000C', '00004', 4, 'Pool'),
('0000C', '00004', 5, 'Pool'),
('0000C', '00005', 1, 'TV'),
('0000C', '00005', 2, 'TV'),
('0000C', '00005', 3, 'TV'),
('0000C', '00005', 4, 'TV'),
('0000C', '00005', 5, 'TV'),
('0000C', '00006', 1, 'TV'),
('0000C', '00006', 2, 'TV'),
('0000C', '00006', 3, 'TV'),
('0000C', '00006', 4, 'TV'),
('0000C', '00006', 5, 'TV'),
('0000C', '00007', 1, 'Gym'),
('0000C', '00007', 2, 'Gym'),
('0000C', '00007', 3, 'Gym'),
('0000C', '00007', 4, 'Gym'),
('0000C', '00007', 5, 'Gym'),
('0000C', '00008', 1, 'Gym'),
('0000C', '00008', 2, 'Gym'),
('0000C', '00008', 3, 'Gym'),
('0000C', '00008', 4, 'Gym'),
('0000C', '00008', 5, 'Gym'),

('0000D', '00001', 1, 'TV'),
('0000D', '00001', 2, 'TV'),
('0000D', '00001', 3, 'TV'),
('0000D', '00001', 4, 'TV'),
('0000D', '00001', 5, 'TV'),
('0000D', '00002', 1, 'TV'),
('0000D', '00002', 2, 'TV'),
('0000D', '00002', 3, 'TV'),
('0000D', '00002', 4, 'TV'),
('0000D', '00002', 5, 'TV'),
('0000D', '00003', 1, 'Pool'),
('0000D', '00003', 2, 'Pool'),
('0000D', '00003', 3, 'Pool'),
('0000D', '00003', 4, 'Pool'),
('0000D', '00003', 5, 'Pool'),
('0000D', '00004', 1, 'Pool'),
('0000D', '00004', 2, 'Pool'),
('0000D', '00004', 3, 'Pool'),
('0000D', '00004', 4, 'Pool'),
('0000D', '00004', 5, 'Pool'),
('0000D', '00005', 1, 'TV'),
('0000D', '00005', 2, 'TV'),
('0000D', '00005', 3, 'TV'),
('0000D', '00005', 4, 'TV'),
('0000D', '00005', 5, 'TV'),
('0000D', '00006', 1, 'TV'),
('0000D', '00006', 2, 'TV'),
('0000D', '00006', 3, 'TV'),
('0000D', '00006', 4, 'TV'),
('0000D', '00006', 5, 'TV'),
('0000D', '00007', 1, 'Gym'),
('0000D', '00007', 2, 'Gym'),
('0000D', '00007', 3, 'Gym'),
('0000D', '00007', 4, 'Gym'),
('0000D', '00007', 5, 'Gym'),
('0000D', '00008', 1, 'Gym'),
('0000D', '00008', 2, 'Gym'),
('0000D', '00008', 3, 'Gym'),
('0000D', '00008', 4, 'Gym'),
('0000D', '00008', 5, 'Gym'),

('0000E', '00001', 1, 'TV'),
('0000E', '00001', 2, 'TV'),
('0000E', '00001', 3, 'TV'),
('0000E', '00001', 4, 'TV'),
('0000E', '00001', 5, 'TV'),
('0000E', '00002', 1, 'TV'),
('0000E', '00002', 2, 'TV'),
('0000E', '00002', 3, 'TV'),
('0000E', '00002', 4, 'TV'),
('0000E', '00002', 5, 'TV'),
('0000E', '00003', 1, 'Pool'),
('0000E', '00003', 2, 'Pool'),
('0000E', '00003', 3, 'Pool'),
('0000E', '00003', 4, 'Pool'),
('0000E', '00003', 5, 'Pool'),
('0000E', '00004', 1, 'Pool'),
('0000E', '00004', 2, 'Pool'),
('0000E', '00004', 3, 'Pool'),
('0000E', '00004', 4, 'Pool'),
('0000E', '00004', 5, 'Pool'),
('0000E', '00005', 1, 'TV'),
('0000E', '00005', 2, 'TV'),
('0000E', '00005', 3, 'TV'),
('0000E', '00005', 4, 'TV'),
('0000E', '00005', 5, 'TV'),
('0000E', '00006', 1, 'TV'),
('0000E', '00006', 2, 'TV'),
('0000E', '00006', 3, 'TV'),
('0000E', '00006', 4, 'TV'),
('0000E', '00006', 5, 'TV'),
('0000E', '00007', 1, 'Gym'),
('0000E', '00007', 2, 'Gym'),
('0000E', '00007', 3, 'Gym'),
('0000E', '00007', 4, 'Gym'),
('0000E', '00007', 5, 'Gym'),
('0000E', '00008', 1, 'Gym'),
('0000E', '00008', 2, 'Gym'),
('0000E', '00008', 3, 'Gym'),
('0000E', '00008', 4, 'Gym'),
('0000E', '00008', 5, 'Gym');